,EventId
0,151292565
1,151267054
2,151267059
3,151300515
4,151287772
5,151292821
6,151267006
7,151297452
8,151289273
9,151267000
10,150484762
11,151248702
12,151305589
13,151715100
14,151299006
15,151294937
16,151268277
17,151802952
18,151292277
19,151267052
20,151294882
21,151289269
22,151289270
23,151292088
24,151292089
25,151267047
26,151283071
27,151266870
28,151267045
29,151268248
30,151268242
31,151282739
32,151266863
33,151297631
34,151266855
35,151266862
36,151294903
37,151266883
38,151267055
39,151267051
40,151540230
41,151289272
42,151292565
43,151267054
44,151785562
45,151289271
